shipment_id,request_date,spots,weight,destination_zip,lowest_initial_bid,Budget_Freight_initial,Budget_Freight_final,Premium_Express_initial,Premium_Express_final,Regional_Pro_initial,Regional_Pro_final,final_winner,final_price
1000,2024-01-01,2,1176,67713,434.56,434.56,434.56,710.44,413.4,578.23,578.23,Premium Express,413.4
1001,2024-01-02,6,2488,01416,835.24,835.24,835.24,1369.6,798.66,928.7,810.64,Premium Express,798.66
1002,2024-01-03,12,5926,59839,1588.34,1588.34,1588.34,2574.19,1524.78,2230.57,2230.57,Premium Express,1524.78
1003,2024-01-04,12,4077,64937,1293.58,1293.58,1293.58,2138.36,1250.23,1863.16,1261.48,Premium Express,1250.23
1004,2024-01-05,8,4730,61348,1250.58,1250.58,1250.58,2056.51,1201.31,1585.15,1585.15,Premium Express,1201.31
1005,2024-01-06,1,3613,29162,746.18,746.18,746.18,1307.9,722.28,1027.06,1027.06,Premium Express,722.28
1006,2024-01-07,4,3128,02751,816.31,816.31,816.31,1332.18,776.44,938.37,787.51,Premium Express,776.44
1007,2024-01-08,12,8210,12930,1888.67,1888.67,1888.67,3090.91,1820.85,2228.53,2228.53,Premium Express,1820.85
1008,2024-01-09,4,10870,99946,2064.78,2064.78,2064.78,3301.92,2001.32,2620.3,2010.42,Premium Express,2001.32
1009,2024-01-10,7,3982,64570,1095.79,1095.79,1095.79,1741.99,1741.99,1382.25,1382.25,Budget Freight,1095.79
1010,2024-01-11,11,3638,26663,1269.1,1269.1,1269.1,1983.4,1983.4,1702.46,1702.46,Budget Freight,1269.1
1011,2024-01-12,10,505,59572,700.78,700.78,700.78,1178.66,672.47,966.38,966.38,Premium Express,672.47
1012,2024-01-13,1,3887,83608,798.24,798.24,798.24,1369.61,759.64,1050.1,1050.1,Premium Express,759.64
1013,2024-01-14,6,13128,97973,2358.05,2358.05,2358.05,4232.53,2249.04,3092.45,3092.45,Premium Express,2249.04
1014,2024-01-15,8,1333,87167,786.81,786.81,786.81,1234.54,749.73,970.37,970.37,Premium Express,749.73
1015,2024-01-16,5,10061,97869,1965.92,1965.92,1965.92,3207.15,1876.32,2594.94,2594.94,Premium Express,1876.32
1016,2024-01-17,7,1637,78695,775.69,775.69,775.69,1261.44,751.79,1010.74,758.09,Premium Express,751.79
1017,2024-01-18,5,1209,61990,554.11,554.11,554.11,1011.25,528.2,788.58,536.7,Premium Express,528.2
1018,2024-01-19,6,10871,50956,1987.69,1987.69,1987.69,3607.3,3607.3,2870.1,2870.1,Budget Freight,1987.69
1019,2024-01-20,12,13988,79171,2732.92,2732.92,2732.92,4646.4,2647.4,3640.58,3640.58,Premium Express,2647.4
1020,2024-01-21,11,4445,10234,1403.77,1403.77,1403.77,2231.09,1354.46,1470.09,1470.09,Premium Express,1354.46
1021,2024-01-22,4,6807,33887,1315.65,1315.65,1315.65,2342.81,1256.95,1736.05,1736.05,Premium Express,1256.95
1022,2024-01-23,6,1603,40811,700.56,700.56,700.56,1119.56,671.0,874.06,874.06,Premium Express,671.0
1023,2024-01-24,8,4490,27876,1204.52,1204.52,1204.52,1936.4,1161.51,1617.98,1617.98,Premium Express,1161.51
1024,2024-01-25,8,8234,91873,1863.02,1863.02,1863.02,2877.0,1789.76,2422.03,1814.48,Premium Express,1789.76
1025,2024-01-26,7,1921,11873,793.11,793.11,793.11,1364.76,1364.76,905.89,905.89,Budget Freight,793.11
1026,2024-01-27,3,7373,62615,1470.53,1470.53,1470.53,2315.77,1409.91,1913.93,1428.98,Premium Express,1409.91
1027,2024-01-28,4,10295,30355,1965.57,1965.57,1965.57,3056.82,1876.6,2555.29,2555.29,Premium Express,1876.6
1028,2024-01-29,4,4671,73150,1100.17,1100.17,1100.17,1814.89,1051.64,1327.23,1327.23,Premium Express,1051.64
1029,2024-01-30,7,6391,12205,1492.49,1492.49,1492.49,2444.73,1435.87,1619.54,1451.11,Premium Express,1435.87
1030,2024-01-31,11,2551,58897,1106.38,1106.38,1106.38,1711.53,1071.77,1427.39,1427.39,Premium Express,1071.77
1031,2024-02-01,6,14957,48729,2627.49,2627.49,2627.49,4301.52,4301.52,3419.38,3419.38,Budget Freight,2627.49
1032,2024-02-02,6,13267,14792,2553.11,2553.11,2553.11,4166.67,4166.67,2665.0,2462.48,Regional Pro,2462.48
1033,2024-02-03,11,6373,11271,1665.24,1665.24,1665.24,2712.16,1609.11,1871.72,1871.72,Premium Express,1609.11
1034,2024-02-04,5,14770,70799,2544.93,2544.93,2544.93,4547.13,2446.9,3483.61,2469.18,Premium Express,2446.9
1035,2024-02-05,5,7995,55645,1625.03,1625.03,1625.03,2668.52,1574.34,2189.49,2189.49,Premium Express,1574.34
1036,2024-02-06,9,7015,45106,1618.3,1618.3,1618.3,2764.68,1557.21,2246.88,1556.56,Regional Pro,1556.56
1037,2024-02-07,1,12172,23378,1992.22,1992.22,1992.22,3504.98,1900.78,2685.72,2685.72,Premium Express,1900.78
1038,2024-02-08,1,4770,60982,905.34,905.34,905.34,1564.65,864.87,1254.72,1254.72,Premium Express,864.87
1039,2024-02-09,9,14223,79273,2645.65,2645.65,2645.65,4664.34,2517.69,3640.66,3640.66,Premium Express,2517.69
1040,2024-02-10,5,12218,54096,2309.81,2309.81,2309.81,3829.22,2219.74,2938.49,2938.49,Premium Express,2219.74
1041,2024-02-11,8,12829,49192,2443.95,2443.95,2443.95,3948.21,2339.53,3135.56,3135.56,Premium Express,2339.53
1042,2024-02-12,9,13709,75210,2584.7,2584.7,2584.7,4525.68,2501.21,3353.4,3353.4,Premium Express,2501.21
1043,2024-02-13,3,7061,50252,1321.96,1321.96,1321.96,2280.88,1267.09,1881.03,1881.03,Premium Express,1267.09
1044,2024-02-14,4,11112,56692,1990.7,1990.7,1990.7,3295.26,3295.26,2755.52,2755.52,Budget Freight,1990.7
1045,2024-02-15,1,4132,66652,840.9,840.9,840.9,1462.06,814.51,1037.89,1037.89,Premium Express,814.51
1046,2024-02-16,4,14444,10828,2581.26,2581.26,2581.26,4222.16,4222.16,2719.61,2493.93,Regional Pro,2493.93
1047,2024-02-17,8,8831,65706,1950.86,1950.86,1950.86,3035.17,1884.08,2405.16,1895.61,Premium Express,1884.08
1048,2024-02-18,2,3365,51886,741.83,741.83,741.83,1277.23,712.72,1025.21,1025.21,Premium Express,712.72
1049,2024-02-19,2,7555,44541,1446.49,1446.49,1446.49,2267.19,1394.07,1811.64,1811.64,Premium Express,1394.07
1050,2024-02-20,11,2817,85989,1121.33,1121.33,1121.33,1821.25,1074.25,1516.82,1516.82,Premium Express,1074.25
1051,2024-02-21,11,4352,20468,1311.85,1311.85,1311.85,2266.65,1253.06,1707.98,1707.98,Premium Express,1253.06
1052,2024-02-22,9,5754,93797,1441.39,1441.39,1441.39,2475.84,1371.79,1934.7,1934.7,Premium Express,1371.79
1053,2024-02-23,7,12121,89633,2318.94,2318.94,2318.94,3817.38,2210.79,3004.53,3004.53,Premium Express,2210.79
1054,2024-02-24,5,2130,65642,713.22,713.22,713.22,1210.08,689.36,940.02,687.63,Regional Pro,687.63
1055,2024-02-25,1,7640,39706,1295.8,1295.8,1295.8,2287.58,1246.28,1783.25,1783.25,Premium Express,1246.28
1056,2024-02-26,2,11519,13756,1936.76,1936.76,1936.76,3235.22,1869.53,2232.58,1871.42,Premium Express,1869.53
1057,2024-02-27,8,8369,58169,1777.87,1777.87,1777.87,2914.43,1697.76,2423.44,2423.44,Premium Express,1697.76
1058,2024-02-28,8,4792,32938,1236.81,1236.81,1236.81,2148.92,1182.44,1642.36,1642.36,Premium Express,1182.44
1059,2024-02-29,10,8989,53424,1929.91,1929.91,1929.91,3219.86,1853.84,2547.55,1860.51,Premium Express,1853.84
1060,2024-03-01,11,10197,70860,2136.49,2136.49,2136.49,3527.47,2034.16,2991.47,2991.47,Premium Express,2034.16
1061,2024-03-02,4,1641,65813,587.74,587.74,587.74,1049.86,559.52,826.13,566.21,Premium Express,559.52
1062,2024-03-03,1,4306,65107,867.18,867.18,867.18,1438.72,834.19,1081.04,1081.04,Premium Express,834.19
1063,2024-03-04,8,4815,70559,1226.43,1226.43,1226.43,2038.28,2038.28,1648.74,1648.74,Budget Freight,1226.43
1064,2024-03-05,9,14893,35931,2710.61,2710.61,2710.61,4528.11,2600.31,3583.61,3583.61,Premium Express,2600.31
1065,2024-03-06,4,9273,94365,1656.24,1656.24,1656.24,2893.58,1600.05,2282.83,2282.83,Premium Express,1600.05
1066,2024-03-07,1,6388,19087,1160.53,1160.53,1160.53,2042.45,1111.8,1309.86,1121.52,Premium Express,1111.8
1067,2024-03-08,4,12362,42319,2227.59,2227.59,2227.59,3774.79,2155.99,2811.33,2811.33,Premium Express,2155.99
1068,2024-03-09,1,7997,83461,1365.53,1365.53,1365.53,2284.76,1308.24,1776.71,1776.71,Premium Express,1308.24
1069,2024-03-10,11,9665,22075,2212.17,2212.17,2212.17,3506.11,2134.05,2716.33,2716.33,Premium Express,2134.05
1070,2024-03-11,12,8096,26008,1986.45,1986.45,1986.45,3081.5,1888.64,2612.96,1935.03,Premium Express,1888.64
1071,2024-03-12,3,14678,91148,2504.51,2504.51,2504.51,4213.66,2411.27,3276.85,2424.62,Premium Express,2411.27
1072,2024-03-13,7,12781,81639,2298.31,2298.31,2298.31,3819.6,2200.46,3292.65,3292.65,Premium Express,2200.46
1073,2024-03-14,7,6938,16644,1503.65,1503.65,1503.65,2529.32,1432.87,1696.47,1445.83,Premium Express,1432.87
1074,2024-03-15,12,10734,62277,2387.66,2387.66,2387.66,3967.86,2313.79,3210.76,3210.76,Premium Express,2313.79
1075,2024-03-16,11,5815,79440,1641.26,1641.26,1641.26,2696.59,2696.59,2072.85,1578.98,Regional Pro,1578.98
1076,2024-03-17,8,4627,30263,1190.5,1190.5,1190.5,2097.6,1135.25,1659.38,1659.38,Premium Express,1135.25
1077,2024-03-18,5,976,79673,536.8,536.8,536.8,944.88,518.65,738.22,738.22,Premium Express,518.65
1078,2024-03-19,11,8175,82665,1989.92,1989.92,1989.92,3103.6,1928.88,2546.57,1943.2,Premium Express,1928.88
1079,2024-03-20,4,11742,82938,2018.64,2018.64,2018.64,3386.93,1937.25,2734.18,2734.18,Premium Express,1937.25
1080,2024-03-21,12,8137,51752,1914.25,1914.25,1914.25,3347.78,1824.94,2689.77,2689.77,Premium Express,1824.94
1081,2024-03-22,3,12751,69671,2163.45,2163.45,2163.45,3656.08,2081.72,2990.04,2084.84,Premium Express,2081.72
1082,2024-03-23,8,4769,58697,1263.91,1263.91,1263.91,1989.4,1219.91,1687.55,1227.8,Premium Express,1219.91
1083,2024-03-24,1,4120,45005,851.53,851.53,851.53,1446.91,813.3,1132.36,823.14,Premium Express,813.3
1084,2024-03-25,4,10854,43444,1936.68,1936.68,1936.68,3247.53,1867.14,2680.59,2680.59,Premium Express,1867.14
1085,2024-03-26,7,8417,61952,1781.71,1781.71,1781.71,2922.01,1723.94,2406.48,2406.48,Premium Express,1723.94
1086,2024-03-27,2,7879,21305,1494.79,1494.79,1494.79,2456.77,2456.77,1849.54,1849.54,Budget Freight,1494.79
1087,2024-03-28,9,2010,93555,923.86,923.86,923.86,1538.13,881.97,1128.51,1128.51,Premium Express,881.97
1088,2024-03-29,3,7541,36455,1435.35,1435.35,1435.35,2341.7,1371.99,1917.79,1917.79,Premium Express,1371.99
1089,2024-03-30,11,5126,48490,1463.03,1463.03,1463.03,2334.27,1414.3,2013.84,2013.84,Premium Express,1414.3
1090,2024-03-31,6,1964,65332,742.34,742.34,742.34,1236.08,713.19,958.68,958.68,Premium Express,713.19
1091,2024-04-01,9,13453,45056,2563.36,2563.36,2563.36,4261.53,2449.54,3348.78,3348.78,Premium Express,2449.54
1092,2024-04-02,5,1229,73169,608.85,608.85,608.85,952.5,578.91,755.96,755.96,Premium Express,578.91
1093,2024-04-03,1,9550,44900,1649.75,1649.75,1649.75,2814.19,1597.46,2145.36,2145.36,Premium Express,1597.46
1094,2024-04-04,12,814,38740,870.64,870.64,870.64,1388.55,1388.55,1164.25,1164.25,Budget Freight,870.64
1095,2024-04-05,8,12137,72024,2341.62,2341.62,2341.62,3899.63,2241.97,2999.9,2999.9,Premium Express,2241.97
1096,2024-04-06,3,9801,39657,1706.15,1706.15,1706.15,2843.17,2843.17,2431.7,2431.7,Budget Freight,1706.15
1097,2024-04-07,9,4922,94315,1377.65,1377.65,1377.65,2277.63,1325.54,1797.31,1797.31,Premium Express,1325.54
1098,2024-04-08,6,10618,52956,2050.29,2050.29,2050.29,3524.5,1975.0,2733.03,2007.38,Premium Express,1975.0
1099,2024-04-09,3,3056,41763,736.75,736.75,736.75,1229.01,702.81,999.26,999.26,Premium Express,702.81
1100,2024-04-10,10,2025,12205,957.17,957.17,957.17,1506.79,910.41,1067.9,921.04,Premium Express,910.41
1101,2024-04-11,2,3008,61982,684.66,684.66,684.66,1229.66,657.04,902.81,661.01,Premium Express,657.04
1102,2024-04-12,9,11447,33111,2244.21,2244.21,2244.21,3956.74,2175.25,3165.8,3165.8,Premium Express,2175.25
1103,2024-04-13,12,13981,35411,2741.37,2741.37,2741.37,4721.4,2609.54,3715.34,3715.34,Premium Express,2609.54
1104,2024-04-14,8,2653,65324,903.9,903.9,903.9,1526.58,871.38,1260.14,1260.14,Premium Express,871.38
1105,2024-04-15,5,9061,41611,1764.55,1764.55,1764.55,2930.61,1689.75,2357.29,1718.73,Premium Express,1689.75
1106,2024-04-16,8,2988,12036,980.8,980.8,980.8,1701.58,950.81,1135.96,1135.96,Premium Express,950.81
1107,2024-04-17,3,13265,53172,2180.74,2180.74,2180.74,3881.98,2102.77,2899.45,2899.45,Premium Express,2102.77
1108,2024-04-18,10,12240,05928,2502.01,2502.01,2502.01,4198.16,2415.04,2939.39,2423.25,Premium Express,2415.04
1109,2024-04-19,11,4940,26985,1456.68,1456.68,1456.68,2403.82,1402.33,1938.3,1938.3,Premium Express,1402.33
1110,2024-04-20,2,985,12462,416.56,416.56,416.56,727.35,727.35,450.78,450.78,Budget Freight,416.56
1111,2024-04-21,3,13674,41562,2287.73,2287.73,2287.73,3913.46,2212.59,3098.38,3098.38,Premium Express,2212.59
1112,2024-04-22,9,2597,68202,980.62,980.62,980.62,1595.82,949.66,1367.45,1367.45,Premium Express,949.66
1113,2024-04-23,6,7968,67794,1651.75,1651.75,1651.75,2848.09,1596.68,2281.58,1607.96,Premium Express,1596.68
1114,2024-04-24,3,4111,18938,876.46,876.46,876.46,1514.67,846.82,1014.64,848.4,Premium Express,846.82
1115,2024-04-25,12,4034,52769,1374.21,1374.21,1374.21,2282.44,1329.99,1819.99,1819.99,Premium Express,1329.99
1116,2024-04-26,3,944,37027,458.4,458.4,458.4,781.38,781.38,574.3,444.66,Regional Pro,444.66
1117,2024-04-27,4,14895,01068,2677.8,2677.8,2677.8,4200.51,2575.42,3015.99,2605.28,Premium Express,2575.42
1118,2024-04-28,5,12836,46974,2211.49,2211.49,2211.49,3919.52,2105.73,2983.73,2983.73,Premium Express,2105.73
1119,2024-04-29,3,12229,83910,2103.37,2103.37,2103.37,3492.25,2025.31,2841.53,2841.53,Premium Express,2025.31
1120,2024-04-30,1,9045,12555,1524.91,1524.91,1524.91,2720.79,1467.26,1756.18,1493.79,Premium Express,1467.26
1121,2024-05-01,1,569,96910,275.17,275.17,275.17,495.89,262.75,389.49,389.49,Premium Express,262.75
1122,2024-05-02,3,12796,42645,2248.03,2248.03,2248.03,3630.01,3630.01,2879.35,2879.35,Budget Freight,2248.03
1123,2024-05-03,7,6029,81345,1363.62,1363.62,1363.62,2351.0,1316.99,1770.13,1770.13,Premium Express,1316.99
1124,2024-05-04,7,12402,68285,2259.99,2259.99,2259.99,4115.23,2176.23,3139.39,3139.39,Premium Express,2176.23
1125,2024-05-05,10,10123,53730,2257.94,2257.94,2257.94,3745.81,3745.81,3002.65,3002.65,Budget Freight,2257.94
1126,2024-05-06,2,6490,56154,1265.8,1265.8,1265.8,2171.66,1206.8,1558.24,1558.24,Premium Express,1206.8
1127,2024-05-07,9,13094,99425,2551.85,2551.85,2551.85,4074.66,4074.66,3323.23,3323.23,Budget Freight,2551.85
1128,2024-05-08,6,545,34261,533.33,533.33,533.33,901.56,901.56,731.81,521.29,Regional Pro,521.29
1129,2024-05-09,6,8722,88356,1742.34,1742.34,1742.34,2997.47,1665.16,2345.35,1685.63,Premium Express,1665.16
1130,2024-05-10,6,2685,08169,838.56,838.56,838.56,1459.74,1459.74,942.67,808.96,Regional Pro,808.96
1131,2024-05-11,2,14177,89812,2336.62,2336.62,2336.62,3818.91,2225.25,3102.88,3102.88,Premium Express,2225.25
1132,2024-05-12,6,11694,06780,2203.92,2203.92,2203.92,3555.0,2112.76,2511.55,2124.66,Premium Express,2112.76
1133,2024-05-13,6,2919,01441,872.84,872.84,872.84,1445.13,833.5,982.44,851.99,Premium Express,833.5
1134,2024-05-14,6,12620,52367,2247.75,2247.75,2247.75,3809.79,2160.09,3204.58,3204.58,Premium Express,2160.09
1135,2024-05-15,7,9460,66155,1895.39,1895.39,1895.39,3057.67,1822.22,2611.53,2611.53,Premium Express,1822.22
1136,2024-05-16,6,6411,71922,1429.21,1429.21,1429.21,2248.27,1378.35,1954.09,1954.09,Premium Express,1378.35
1137,2024-05-17,10,11949,22604,2375.69,2375.69,2375.69,4093.63,2266.44,3322.92,3322.92,Premium Express,2266.44
1138,2024-05-18,3,1479,60077,531.35,531.35,531.35,868.74,514.63,701.87,701.87,Premium Express,514.63
1139,2024-05-19,1,5867,71727,1046.02,1046.02,1046.02,1921.51,1000.03,1422.99,1016.02,Premium Express,1000.03
1140,2024-05-20,7,8397,86917,1836.12,1836.12,1836.12,2829.1,2829.1,2446.27,2446.27,Budget Freight,1836.12
1141,2024-05-21,1,8360,11511,1424.42,1424.42,1424.42,2443.2,1355.24,1630.5,1392.03,Premium Express,1355.24
1142,2024-05-22,2,13106,95940,2268.06,2268.06,2268.06,3760.38,2170.11,3032.43,3032.43,Premium Express,2170.11
1143,2024-05-23,9,1538,55625,812.2,812.2,812.2,1341.91,779.86,1142.29,1142.29,Premium Express,779.86
1144,2024-05-24,6,12635,19705,2429.57,2429.57,2429.57,3870.38,2349.36,2744.7,2365.81,Premium Express,2349.36
1145,2024-05-25,6,7529,57078,1637.55,1637.55,1637.55,2678.79,1557.14,2057.24,2057.24,Premium Express,1557.14
1146,2024-05-26,10,9463,74761,2120.46,2120.46,2120.46,3399.71,3399.71,2671.09,2671.09,Budget Freight,2120.46
1147,2024-05-27,8,14627,92816,2864.01,2864.01,2864.01,4545.46,2745.97,3615.67,3615.67,Premium Express,2745.97
1148,2024-05-28,4,3555,93934,863.18,863.18,863.18,1465.93,836.25,1172.81,841.99,Premium Express,836.25
1149,2024-05-29,12,6457,23006,1792.58,1792.58,1792.58,2755.2,2755.2,2292.37,1742.7,Regional Pro,1742.7
1150,2024-05-30,7,14183,73936,2594.13,2594.13,2594.13,4228.57,2472.51,3613.04,2497.21,Premium Express,2472.51
1151,2024-05-31,10,13823,80237,2781.95,2781.95,2781.95,4348.16,4348.16,3498.32,3498.32,Budget Freight,2781.95
1152,2024-06-01,3,8176,46870,1485.34,1485.34,1485.34,2575.35,1436.17,1994.04,1994.04,Premium Express,1436.17
1153,2024-06-02,6,7246,24217,1490.03,1490.03,1490.03,2441.08,1424.49,2141.09,2141.09,Premium Express,1424.49
1154,2024-06-03,2,575,07225,342.69,342.69,342.69,617.65,332.04,377.71,333.51,Premium Express,332.04
1155,2024-06-04,6,11822,43251,2195.25,2195.25,2195.25,3784.01,3784.01,2944.0,2944.0,Budget Freight,2195.25
1156,2024-06-05,10,7624,70008,1754.79,1754.79,1754.79,3051.37,3051.37,2322.18,2322.18,Budget Freight,1754.79
1157,2024-06-06,2,8597,51048,1561.41,1561.41,1561.41,2549.66,1491.58,2005.79,2005.79,Premium Express,1491.58
1158,2024-06-07,3,1202,21892,486.26,486.26,486.26,832.78,469.98,647.72,647.72,Premium Express,469.98
1159,2024-06-08,2,3450,74182,732.39,732.39,732.39,1288.28,707.51,1018.39,1018.39,Premium Express,707.51
1160,2024-06-09,12,10644,61464,2319.61,2319.61,2319.61,3844.55,3844.55,2977.8,2977.8,Budget Freight,2319.61
1161,2024-06-10,4,8550,34152,1596.13,1596.13,1596.13,2657.28,1530.44,2120.72,2120.72,Premium Express,1530.44
1162,2024-06-11,4,13022,57373,2222.28,2222.28,2222.28,3998.91,2135.91,3011.79,3011.79,Premium Express,2135.91
1163,2024-06-12,1,6396,49250,1116.0,1116.0,1116.0,2063.32,1072.29,1584.41,1584.41,Premium Express,1072.29
1164,2024-06-13,4,8095,37777,1569.22,1569.22,1569.22,2582.11,2582.11,2160.11,2160.11,Budget Freight,1569.22
1165,2024-06-14,11,7274,91212,1869.78,1869.78,1869.78,2834.76,1779.43,2408.16,1824.69,Premium Express,1779.43
1166,2024-06-15,4,14536,39438,2478.2,2478.2,2478.2,4315.3,2402.23,3473.07,2424.64,Premium Express,2402.23
1167,2024-06-16,10,8634,03400,1871.38,1871.38,1871.38,3134.16,1796.8,2143.51,1812.71,Premium Express,1796.8
1168,2024-06-17,4,1270,80163,559.38,559.38,559.38,914.02,540.21,680.86,540.46,Premium Express,540.21
1169,2024-06-18,9,3836,14749,1214.52,1214.52,1214.52,1907.6,1176.73,1358.53,1358.53,Premium Express,1176.73
1170,2024-06-19,9,10743,32956,2126.2,2126.2,2126.2,3484.88,3484.88,2872.41,2872.41,Budget Freight,2126.2
1171,2024-06-20,2,2761,85477,696.53,696.53,696.53,1188.92,668.75,858.68,677.91,Premium Express,668.75
1172,2024-06-21,3,5385,30823,1063.53,1063.53,1063.53,1964.09,1017.1,1494.24,1494.24,Premium Express,1017.1
1173,2024-06-22,1,13017,95773,2184.15,2184.15,2184.15,3576.7,2084.01,2960.09,2960.09,Premium Express,2084.01
1174,2024-06-23,3,8631,87340,1544.88,1544.88,1544.88,2651.5,1482.42,2082.26,1484.4,Premium Express,1482.42
1175,2024-06-24,2,739,87616,343.16,343.16,343.16,659.15,659.15,481.75,481.75,Budget Freight,343.16
1176,2024-06-25,1,9449,89344,1626.92,1626.92,1626.92,2779.81,1555.71,2186.56,2186.56,Premium Express,1555.71
1177,2024-06-26,11,3680,43548,1246.96,1246.96,1246.96,2018.29,1188.98,1708.68,1708.68,Premium Express,1188.98
1178,2024-06-27,6,4160,57223,1039.82,1039.82,1039.82,1859.59,996.47,1405.29,1010.22,Premium Express,996.47
1179,2024-06-28,11,5645,61550,1518.38,1518.38,1518.38,2606.01,2606.01,2102.71,2102.71,Budget Freight,1518.38
1180,2024-06-29,7,538,34986,594.27,594.27,594.27,941.66,572.91,728.23,728.23,Premium Express,572.91
1181,2024-06-30,5,11596,22437,2161.27,2161.27,2161.27,3750.59,2057.77,2973.63,2115.04,Premium Express,2057.77
1182,2024-07-01,11,1464,09114,894.28,894.28,894.28,1460.22,1460.22,1022.88,872.8,Regional Pro,872.8
1183,2024-07-02,10,5360,05394,1501.77,1501.77,1501.77,2272.63,1446.68,1690.33,1456.61,Premium Express,1446.68
1184,2024-07-03,1,11742,93843,1887.75,1887.75,1887.75,3410.21,1810.56,2515.96,1823.42,Premium Express,1810.56
1185,2024-07-04,12,11583,86290,2452.32,2452.32,2452.32,3998.71,2373.09,3324.37,2380.48,Premium Express,2373.09
1186,2024-07-05,12,1632,55353,995.3,995.3,995.3,1656.74,964.52,1354.5,1354.5,Premium Express,964.52
1187,2024-07-06,6,9236,11416,1770.03,1770.03,1770.03,3195.61,1714.74,2073.63,1713.4,Regional Pro,1713.4
1188,2024-07-07,3,6401,71125,1295.23,1295.23,1295.23,2080.63,1234.34,1734.07,1244.55,Premium Express,1234.34
1189,2024-07-08,7,14984,86484,2716.49,2716.49,2716.49,4388.15,2601.21,3650.6,3650.6,Premium Express,2601.21
1190,2024-07-09,8,11814,53440,2298.2,2298.2,2298.2,3991.45,3991.45,3096.71,2233.18,Regional Pro,2233.18
1191,2024-07-10,8,3032,38748,1014.89,1014.89,1014.89,1603.66,975.46,1359.43,982.62,Premium Express,975.46
1192,2024-07-11,6,1577,91412,690.85,690.85,690.85,1106.43,664.37,947.15,947.15,Premium Express,664.37
1193,2024-07-12,12,2484,70356,1098.58,1098.58,1098.58,1770.02,1057.94,1449.7,1066.91,Premium Express,1057.94
1194,2024-07-13,8,5513,08641,1330.76,1330.76,1330.76,2202.61,1273.54,1492.54,1284.83,Premium Express,1273.54
1195,2024-07-14,6,7430,01646,1498.51,1498.51,1498.51,2607.74,1429.74,1717.19,1717.19,Premium Express,1429.74
1196,2024-07-15,4,14149,20260,2400.34,2400.34,2400.34,4073.93,2311.4,3392.87,3392.87,Premium Express,2311.4
1197,2024-07-16,8,9538,50287,1911.48,1911.48,1911.48,3432.22,1821.56,2672.45,2672.45,Premium Express,1821.56
1198,2024-07-17,11,4021,52746,1342.07,1342.07,1342.07,2215.6,1275.86,1645.42,1645.42,Premium Express,1275.86
1199,2024-07-18,9,8721,62707,1947.2,1947.2,1947.2,3160.52,1869.76,2612.33,2612.33,Premium Express,1869.76
1200,2024-07-19,10,6544,94453,1689.63,1689.63,1689.63,2809.32,1618.74,2076.11,1640.24,Premium Express,1618.74
1201,2024-07-20,6,4875,45003,1140.61,1140.61,1140.61,1872.15,1100.17,1550.65,1550.65,Premium Express,1100.17
1202,2024-07-21,9,5696,17437,1413.86,1413.86,1413.86,2518.24,1355.54,1698.75,1373.75,Premium Express,1355.54
1203,2024-07-22,12,2501,64777,1095.88,1095.88,1095.88,1872.11,1044.96,1437.65,1054.89,Premium Express,1044.96
1204,2024-07-23,9,9316,43008,2079.85,2079.85,2079.85,3375.79,2006.93,2596.22,2036.46,Premium Express,2006.93
1205,2024-07-24,11,14773,04058,2792.18,2792.18,2792.18,4815.49,2661.73,3199.86,3199.86,Premium Express,2661.73
1206,2024-07-25,5,9347,56215,1856.47,1856.47,1856.47,3145.24,1767.12,2326.93,2326.93,Premium Express,1767.12
1207,2024-07-26,10,9810,51784,2056.98,2056.98,2056.98,3331.1,1992.24,2796.54,2796.54,Premium Express,1992.24
1208,2024-07-27,12,10810,36733,2332.11,2332.11,2332.11,3874.4,3874.4,3297.84,3297.84,Budget Freight,2332.11
1209,2024-07-28,4,13117,80403,2317.11,2317.11,2317.11,4026.86,2207.27,3138.03,2239.49,Premium Express,2207.27
1210,2024-07-29,1,10201,67768,1793.72,1793.72,1793.72,2807.15,1721.03,2264.02,2264.02,Premium Express,1721.03
1211,2024-07-30,12,4221,54600,1385.6,1385.6,1385.6,2206.25,1330.14,1742.87,1336.78,Premium Express,1330.14
1212,2024-07-31,10,7707,78204,1886.59,1886.59,1886.59,2997.88,1826.11,2375.0,2375.0,Premium Express,1826.11
1213,2024-08-01,2,7828,95029,1410.66,1410.66,1410.66,2313.1,2313.1,1837.97,1837.97,Budget Freight,1410.66
1214,2024-08-02,1,1300,25310,390.45,390.45,390.45,724.96,372.64,549.77,549.77,Premium Express,372.64
1215,2024-08-03,9,3809,97578,1157.54,1157.54,1157.54,1951.9,1951.9,1589.82,1118.22,Regional Pro,1118.22
1216,2024-08-04,11,2714,86301,1081.22,1081.22,1081.22,1883.13,1031.88,1408.0,1408.0,Premium Express,1031.88
1217,2024-08-05,4,4648,24122,1047.34,1047.34,1047.34,1812.14,1005.95,1354.89,1010.52,Premium Express,1005.95
1218,2024-08-06,5,10325,77479,1962.81,1962.81,1962.81,3341.7,1898.55,2669.54,2669.54,Premium Express,1898.55
1219,2024-08-07,4,1768,24355,616.85,616.85,616.85,1038.24,592.7,794.53,794.53,Premium Express,592.7
1220,2024-08-08,7,6539,09481,1510.38,1510.38,1510.38,2498.3,1456.48,1642.95,1458.31,Premium Express,1456.48
1221,2024-08-09,2,14005,23309,2451.82,2451.82,2451.82,3805.95,2351.32,3142.81,2383.54,Premium Express,2351.32
1222,2024-08-10,12,2455,96869,1154.16,1154.16,1154.16,1896.1,1101.55,1515.83,1114.64,Premium Express,1101.55
1223,2024-08-11,10,1625,40025,929.63,929.63,929.63,1516.02,895.47,1225.93,1225.93,Premium Express,895.47
1224,2024-08-12,3,8508,86262,1504.05,1504.05,1504.05,2530.86,1445.38,2031.59,1446.94,Premium Express,1445.38
1225,2024-08-13,5,11646,69708,2065.18,2065.18,2065.18,3650.11,1980.22,2943.67,2943.67,Premium Express,1980.22
1226,2024-08-14,4,9894,94997,1803.24,1803.24,1803.24,3020.65,1747.43,2380.71,2380.71,Premium Express,1747.43
1227,2024-08-15,4,13290,17939,2266.91,2266.91,2266.91,3985.75,2175.34,2565.46,2565.46,Premium Express,2175.34
1228,2024-08-16,8,12781,43231,2412.67,2412.67,2412.67,4260.28,2296.08,3402.37,3402.37,Premium Express,2296.08
1229,2024-08-17,2,13841,98324,2314.13,2314.13,2314.13,3957.02,3957.02,3232.99,3232.99,Budget Freight,2314.13
1230,2024-08-18,3,9527,75270,1688.35,1688.35,1688.35,2892.89,1621.35,2197.34,2197.34,Premium Express,1621.35
1231,2024-08-19,4,5973,72552,1306.49,1306.49,1306.49,2066.28,1250.37,1621.01,1257.09,Premium Express,1250.37
1232,2024-08-20,2,4019,70410,893.36,893.36,893.36,1428.78,856.86,1129.13,858.69,Premium Express,856.86
1233,2024-08-21,2,3054,24154,699.82,699.82,699.82,1267.55,1267.55,933.87,933.87,Budget Freight,699.82
1234,2024-08-22,1,11662,42925,1920.1,1920.1,1920.1,3177.11,1838.21,2726.59,2726.59,Premium Express,1838.21
1235,2024-08-23,3,2316,33037,678.39,678.39,678.39,1065.08,644.92,880.37,661.67,Premium Express,644.92
1236,2024-08-24,12,9627,17917,2206.36,2206.36,2206.36,3620.51,2133.47,2413.98,2160.14,Premium Express,2133.47
1237,2024-08-25,7,5727,40266,1305.09,1305.09,1305.09,2262.17,2262.17,1800.24,1800.24,Budget Freight,1305.09
1238,2024-08-26,5,8770,72452,1728.08,1728.08,1728.08,2853.84,2853.84,2198.78,1661.63,Regional Pro,1661.63
1239,2024-08-27,10,5424,66183,1491.25,1491.25,1491.25,2349.66,1439.5,1880.51,1880.51,Premium Express,1439.5
1240,2024-08-28,7,12778,95339,2359.21,2359.21,2359.21,3907.19,2269.8,3083.69,2299.99,Premium Express,2269.8
1241,2024-08-29,4,3388,44275,887.94,887.94,887.94,1515.58,852.16,1123.78,1123.78,Premium Express,852.16
1242,2024-08-30,9,1764,54493,897.4,897.4,897.4,1435.26,868.03,1162.41,1162.41,Premium Express,868.03
1243,2024-08-31,10,9782,52669,2062.54,2062.54,2062.54,3503.63,3503.63,2732.93,2732.93,Budget Freight,2062.54
1244,2024-09-01,3,2226,36217,645.61,645.61,645.61,1087.13,625.12,853.71,626.08,Premium Express,625.12
1245,2024-09-02,6,8023,24932,1620.88,1620.88,1620.88,2854.11,2854.11,2183.23,1564.88,Regional Pro,1564.88
1246,2024-09-03,9,8110,55806,1757.93,1757.93,1757.93,2892.13,1692.8,2463.96,2463.96,Premium Express,1692.8
1247,2024-09-04,2,7972,04159,1378.49,1378.49,1378.49,2493.75,1312.17,1628.05,1331.47,Premium Express,1312.17
1248,2024-09-05,12,9307,04531,2096.87,2096.87,2096.87,3402.47,2012.24,2491.37,2042.78,Premium Express,2012.24
1249,2024-09-06,2,4843,52025,949.44,949.44,949.44,1657.74,909.92,1293.59,1293.59,Premium Express,909.92
1250,2024-09-07,3,3627,94810,839.84,839.84,839.84,1445.67,800.57,1095.51,810.62,Premium Express,800.57
1251,2024-09-08,6,3663,52708,1031.57,1031.57,1031.57,1711.16,981.05,1353.86,1353.86,Premium Express,981.05
1252,2024-09-09,6,1156,80546,623.41,623.41,623.41,1089.15,598.95,854.02,854.02,Premium Express,598.95
1253,2024-09-10,5,14192,48072,2512.03,2512.03,2512.03,4242.79,2409.66,3246.02,3246.02,Premium Express,2409.66
1254,2024-09-11,3,5663,75785,1141.44,1141.44,1141.44,1900.4,1085.41,1518.76,1107.2,Premium Express,1085.41
1255,2024-09-12,10,8970,07311,2087.49,2087.49,2087.49,3163.77,3163.77,2219.3,2219.3,Budget Freight,2087.49
1256,2024-09-13,2,11913,22342,2105.48,2105.48,2105.48,3424.91,2017.02,2585.49,2585.49,Premium Express,2017.02
1257,2024-09-14,5,4347,94131,1083.6,1083.6,1083.6,1833.86,1833.86,1424.0,1424.0,Budget Freight,1083.6
1258,2024-09-15,6,14199,99884,2630.41,2630.41,2630.41,4191.11,2533.51,3454.13,3454.13,Premium Express,2533.51
1259,2024-09-16,11,1900,08395,1034.13,1034.13,1034.13,1527.92,991.77,1065.06,1065.06,Premium Express,991.77
1260,2024-09-17,2,9086,16333,1579.23,1579.23,1579.23,2788.07,2788.07,1910.0,1910.0,Budget Freight,1579.23
1261,2024-09-18,8,11921,69254,2372.82,2372.82,2372.82,4049.61,2285.07,3065.86,3065.86,Premium Express,2285.07
1262,2024-09-19,1,13185,68694,2170.68,2170.68,2170.68,3719.09,2068.04,2975.04,2975.04,Premium Express,2068.04
1263,2024-09-20,3,3284,95803,803.48,803.48,803.48,1282.65,771.54,1034.23,1034.23,Premium Express,771.54
1264,2024-09-21,5,9027,30623,1694.88,1694.88,1694.88,2832.95,2832.95,2232.95,1631.96,Regional Pro,1631.96
1265,2024-09-22,3,2684,64440,720.12,720.12,720.12,1137.06,695.49,905.28,905.28,Premium Express,695.49
1266,2024-09-23,9,4242,82874,1222.15,1222.15,1222.15,2050.35,2050.35,1696.89,1696.89,Budget Freight,1222.15
1267,2024-09-24,1,2347,50961,572.75,572.75,572.75,943.19,943.19,719.79,719.79,Budget Freight,572.75
1268,2024-09-25,6,14298,33736,2704.39,2704.39,2704.39,4345.33,2576.21,3288.14,2598.15,Premium Express,2576.21
1269,2024-09-26,10,8568,91430,2005.27,2005.27,2005.27,3315.9,1939.51,2467.72,2467.72,Premium Express,1939.51
1270,2024-09-27,5,14592,21107,2572.99,2572.99,2572.99,4127.53,2450.44,3389.39,3389.39,Premium Express,2450.44
1271,2024-09-28,4,11757,60296,2210.22,2210.22,2210.22,3457.18,2139.07,2824.91,2824.91,Premium Express,2139.07
1272,2024-09-29,2,7182,74135,1282.36,1282.36,1282.36,2286.87,1226.25,1678.16,1678.16,Premium Express,1226.25
1273,2024-09-30,11,7970,43131,1871.05,1871.05,1871.05,3129.75,3129.75,2521.1,2521.1,Budget Freight,1871.05
1274,2024-10-01,5,2629,40364,829.38,829.38,829.38,1268.62,802.81,1015.6,1015.6,Premium Express,802.81
1275,2024-10-02,10,12374,62252,2543.73,2543.73,2543.73,4188.06,2424.17,3480.7,2464.22,Premium Express,2424.17
1276,2024-10-03,7,11263,49831,2135.98,2135.98,2135.98,3479.34,3479.34,2856.31,2088.53,Regional Pro,2088.53
1277,2024-10-04,3,2808,86383,731.64,731.64,731.64,1267.86,706.2,997.38,710.42,Premium Express,706.2
1278,2024-10-05,7,8666,27025,1770.11,1770.11,1770.11,2957.97,1691.48,2370.03,2370.03,Premium Express,1691.48
1279,2024-10-06,8,12013,15477,2263.03,2263.03,2263.03,3862.13,2185.6,2762.91,2762.91,Premium Express,2185.6
1280,2024-10-07,6,9429,41689,1953.86,1953.86,1953.86,3188.98,1864.63,2465.7,2465.7,Premium Express,1864.63
1281,2024-10-08,10,2940,04620,1067.12,1067.12,1067.12,1753.74,1034.67,1170.69,1030.85,Regional Pro,1030.85
1282,2024-10-09,12,13153,76636,2815.36,2815.36,2815.36,4537.27,4537.27,3780.29,2746.08,Regional Pro,2746.08
1283,2024-10-10,11,14524,15075,3016.85,3016.85,3016.85,4558.73,2919.91,3113.42,3113.42,Premium Express,2919.91
1284,2024-10-11,9,5855,75706,1481.67,1481.67,1481.67,2467.01,2467.01,1875.6,1875.6,Budget Freight,1481.67
1285,2024-10-12,11,13850,45883,2655.57,2655.57,2655.57,4549.8,2552.81,3796.85,3796.85,Premium Express,2552.81
1286,2024-10-13,11,12868,09807,2721.24,2721.24,2721.24,4393.05,2588.68,2990.36,2990.36,Premium Express,2588.68
1287,2024-10-14,11,11571,20588,2496.42,2496.42,2496.42,4131.0,4131.0,3085.61,3085.61,Budget Freight,2496.42
1288,2024-10-15,4,1053,37802,501.74,501.74,501.74,835.82,481.75,695.13,483.17,Premium Express,481.75
1289,2024-10-16,10,5041,46587,1442.86,1442.86,1442.86,2330.38,1390.28,1895.68,1407.16,Premium Express,1390.28
1290,2024-10-17,8,5663,81340,1432.27,1432.27,1432.27,2273.74,1372.84,1928.0,1928.0,Premium Express,1372.84
1291,2024-10-18,12,1100,77744,870.99,870.99,870.99,1540.49,839.79,1258.67,1258.67,Premium Express,839.79
1292,2024-10-19,10,7719,15849,1826.89,1826.89,1826.89,3091.92,1763.88,1980.4,1980.4,Premium Express,1763.88
1293,2024-10-20,2,7474,02102,1321.01,1321.01,1321.01,2262.8,1269.45,1494.53,1286.48,Premium Express,1269.45
1294,2024-10-21,11,8556,95630,1969.82,1969.82,1969.82,3219.79,1904.62,2696.01,2696.01,Premium Express,1904.62
1295,2024-10-22,8,6714,74244,1561.98,1561.98,1561.98,2554.89,1511.15,2106.29,2106.29,Premium Express,1511.15
1296,2024-10-23,12,7817,14165,1857.99,1857.99,1857.99,3184.13,1790.61,2102.64,2102.64,Premium Express,1790.61
1297,2024-10-24,8,10897,76086,2086.65,2086.65,2086.65,3588.67,2017.73,2996.84,2996.84,Premium Express,2017.73
1298,2024-10-25,10,13336,11980,2673.69,2673.69,2673.69,4310.66,2592.21,2971.9,2971.9,Premium Express,2592.21
1299,2024-10-26,6,2070,12776,733.05,733.05,733.05,1261.74,708.13,859.17,859.17,Premium Express,708.13
1300,2024-10-27,3,2679,16559,732.26,732.26,732.26,1148.67,1148.67,817.29,817.29,Budget Freight,732.26
1301,2024-10-28,6,9762,54720,1993.36,1993.36,1993.36,3269.03,1901.86,2449.05,2449.05,Premium Express,1901.86
1302,2024-10-29,7,13331,24962,2377.85,2377.85,2377.85,4064.84,2265.37,3479.92,2299.64,Premium Express,2265.37
1303,2024-10-30,5,4486,38100,1123.89,1123.89,1123.89,1725.31,1070.0,1459.32,1096.5,Premium Express,1070.0
1304,2024-10-31,8,3435,62403,1045.93,1045.93,1045.93,1706.35,1706.35,1369.46,1018.3,Regional Pro,1018.3
1305,2024-11-01,6,9620,73272,1946.17,1946.17,1946.17,3168.26,1853.11,2440.37,1880.58,Premium Express,1853.11
1306,2024-11-02,4,10214,59675,1863.58,1863.58,1863.58,3273.88,1783.72,2438.39,2438.39,Premium Express,1783.72
1307,2024-11-03,11,14478,92404,2977.48,2977.48,2977.48,4625.42,2863.83,3911.0,3911.0,Premium Express,2863.83
1308,2024-11-04,10,13968,34196,2690.46,2690.46,2690.46,4452.53,2586.7,3688.1,3688.1,Premium Express,2586.7
1309,2024-11-05,9,10143,26477,2222.84,2222.84,2222.84,3338.19,2134.83,2854.83,2854.83,Premium Express,2134.83
1310,2024-11-06,3,2788,83126,734.47,734.47,734.47,1183.34,705.57,925.08,925.08,Premium Express,705.57
1311,2024-11-07,4,14788,91224,2644.59,2644.59,2644.59,4346.02,2528.99,3315.64,3315.64,Premium Express,2528.99
1312,2024-11-08,4,4926,55566,1088.39,1088.39,1088.39,1870.72,1055.24,1463.32,1463.32,Premium Express,1055.24
1313,2024-11-09,12,10600,24345,2366.95,2366.95,2366.95,3788.37,2292.61,2958.6,2293.11,Premium Express,2292.61
1314,2024-11-10,1,8838,60978,1559.5,1559.5,1559.5,2668.47,1490.65,2117.7,2117.7,Premium Express,1490.65
1315,2024-11-11,6,8334,97410,1652.88,1652.88,1652.88,2808.88,1587.92,2317.84,1587.75,Regional Pro,1587.75
1316,2024-11-12,1,10164,79718,1718.82,1718.82,1718.82,2955.55,1642.94,2346.94,1661.89,Premium Express,1642.94
1317,2024-11-13,4,5907,64237,1247.73,1247.73,1247.73,2177.35,1207.22,1643.35,1206.44,Regional Pro,1206.44
1318,2024-11-14,3,2912,12985,768.13,768.13,768.13,1228.44,1228.44,824.34,741.32,Regional Pro,741.32
1319,2024-11-15,4,1993,20527,670.4,670.4,670.4,1129.98,644.23,826.14,826.14,Premium Express,644.23
1320,2024-11-16,5,915,27495,510.54,510.54,510.54,861.96,486.64,727.44,727.44,Premium Express,486.64
1321,2024-11-17,11,11041,84251,2359.45,2359.45,2359.45,3784.89,2247.64,3095.19,3095.19,Premium Express,2247.64
1322,2024-11-18,3,6731,83709,1295.71,1295.71,1295.71,2107.08,1240.74,1775.12,1775.12,Premium Express,1240.74
1323,2024-11-19,4,11227,73408,2002.48,2002.48,2002.48,3262.64,1910.76,2730.98,1959.91,Premium Express,1910.76
1324,2024-11-20,12,10811,99014,2474.75,2474.75,2474.75,3834.14,2363.14,3124.33,2377.01,Premium Express,2363.14
1325,2024-11-21,4,10739,36230,1929.06,1929.06,1929.06,3180.64,3180.64,2501.21,2501.21,Budget Freight,1929.06
1326,2024-11-22,11,3924,33979,1256.14,1256.14,1256.14,2147.32,1208.98,1724.48,1724.48,Premium Express,1208.98
1327,2024-11-23,9,6123,83142,1501.25,1501.25,1501.25,2434.07,1428.37,1926.85,1926.85,Premium Express,1428.37
1328,2024-11-24,2,5981,85398,1160.79,1160.79,1160.79,1855.2,1114.29,1477.85,1477.85,Premium Express,1114.29
1329,2024-11-25,9,2196,67774,953.69,953.69,953.69,1584.76,920.2,1263.14,1263.14,Premium Express,920.2
1330,2024-11-26,7,1794,57280,807.05,807.05,807.05,1301.73,779.71,1052.62,1052.62,Premium Express,779.71
1331,2024-11-27,11,14134,52233,2877.85,2877.85,2877.85,4846.59,2775.29,3683.47,2809.9,Premium Express,2775.29
1332,2024-11-28,12,14195,60975,2933.1,2933.1,2933.1,4916.94,2801.42,3736.12,3736.12,Premium Express,2801.42
1333,2024-11-29,6,8245,38480,1722.32,1722.32,1722.32,2757.9,1666.54,2251.65,2251.65,Premium Express,1666.54
1334,2024-11-30,3,10387,69671,1766.08,1766.08,1766.08,3046.83,1681.43,2364.87,2364.87,Premium Express,1681.43
1335,2024-12-01,2,2330,20810,590.27,590.27,590.27,1070.94,565.9,800.96,575.2,Premium Express,565.9
1336,2024-12-02,1,3333,26716,712.72,712.72,712.72,1263.47,1263.47,941.67,941.67,Budget Freight,712.72
1337,2024-12-03,3,8277,97689,1487.54,1487.54,1487.54,2667.57,1422.23,1983.8,1983.8,Premium Express,1422.23
1338,2024-12-04,6,4504,46267,1130.4,1130.4,1130.4,1809.09,1809.09,1439.3,1106.36,Regional Pro,1106.36
1339,2024-12-05,3,4445,35542,1010.16,1010.16,1010.16,1584.95,966.01,1249.05,972.34,Premium Express,966.01
1340,2024-12-06,2,1144,42371,400.79,400.79,400.79,745.43,382.59,573.33,386.93,Premium Express,382.59
1341,2024-12-07,3,8614,39709,1639.04,1639.04,1639.04,2705.74,1579.74,2069.84,2069.84,Premium Express,1579.74
1342,2024-12-08,10,7744,03271,1795.6,1795.6,1795.6,2925.61,1736.72,1974.4,1732.67,Regional Pro,1732.67
1343,2024-12-09,5,12000,70653,2146.83,2146.83,2146.83,3571.5,2064.8,3021.67,2081.78,Premium Express,2064.8
1344,2024-12-10,3,11859,03590,2118.71,2118.71,2118.71,3503.99,2052.98,2331.68,2067.69,Premium Express,2052.98
1345,2024-12-11,2,13858,70649,2305.27,2305.27,2305.27,3862.11,2229.7,3136.59,2257.97,Premium Express,2229.7
1346,2024-12-12,6,4332,00599,1045.1,1045.1,1045.1,1866.1,1011.69,1238.64,1011.17,Regional Pro,1011.17
1347,2024-12-13,3,2553,02298,667.78,667.78,667.78,1108.83,644.95,806.24,641.39,Regional Pro,641.39
1348,2024-12-14,9,6840,91853,1667.5,1667.5,1667.5,2562.34,1593.28,2082.29,1605.46,Premium Express,1593.28
1349,2024-12-15,1,5062,07996,977.43,977.43,977.43,1613.65,1613.65,1120.4,946.49,Regional Pro,946.49
1350,2024-12-16,8,9103,79574,1824.71,1824.71,1824.71,3092.51,1762.74,2638.25,2638.25,Premium Express,1762.74
1351,2024-12-17,3,7638,26116,1486.68,1486.68,1486.68,2362.34,1428.51,1935.59,1935.59,Premium Express,1428.51
1352,2024-12-18,3,12993,99240,2228.0,2228.0,2228.0,3843.56,2123.35,3040.23,3040.23,Premium Express,2123.35
1353,2024-12-19,6,11724,87837,2154.94,2154.94,2154.94,3601.87,2083.7,2954.68,2954.68,Premium Express,2083.7
1354,2024-12-20,11,14368,83317,2945.03,2945.03,2945.03,4888.59,2848.51,3903.33,3903.33,Premium Express,2848.51
1355,2024-12-21,4,1248,49423,525.75,525.75,525.75,878.37,502.86,723.89,510.79,Premium Express,502.86
1356,2024-12-22,6,11735,59085,2184.59,2184.59,2184.59,3549.42,2101.14,2987.48,2987.48,Premium Express,2101.14
1357,2024-12-23,9,4404,91258,1249.47,1249.47,1249.47,2066.42,2066.42,1684.52,1684.52,Budget Freight,1249.47
1358,2024-12-24,9,10923,59393,2222.12,2222.12,2222.12,3885.98,2153.87,2902.72,2902.72,Premium Express,2153.87
1359,2024-12-25,7,6177,99215,1385.0,1385.0,1385.0,2464.55,1326.95,1917.1,1917.1,Premium Express,1326.95
1360,2024-12-26,7,14175,49555,2630.73,2630.73,2630.73,4250.05,2538.75,3329.48,3329.48,Premium Express,2538.75
1361,2024-12-27,4,3314,05623,887.49,887.49,887.49,1422.62,844.48,943.55,864.3,Premium Express,844.48
1362,2024-12-28,2,6572,06597,1217.0,1217.0,1217.0,2049.43,1162.51,1446.9,1175.44,Premium Express,1162.51
1363,2024-12-29,10,5982,04173,1527.69,1527.69,1527.69,2630.7,2630.7,1732.59,1483.28,Regional Pro,1483.28
1364,2024-12-30,11,4558,46238,1428.24,1428.24,1428.24,2274.86,1373.97,1785.2,1785.2,Premium Express,1373.97
1365,2024-12-31,11,12393,21447,2613.71,2613.71,2613.71,4342.56,2505.75,3431.83,3431.83,Premium Express,2505.75
1366,2025-01-01,10,5728,12704,1549.74,1549.74,1549.74,2397.65,2397.65,1635.41,1491.09,Regional Pro,1491.09
1367,2025-01-02,5,8117,19760,1594.85,1594.85,1594.85,2573.61,2573.61,1763.76,1763.76,Budget Freight,1594.85
1368,2025-01-03,4,6812,20203,1344.94,1344.94,1344.94,2263.35,1299.89,1813.94,1813.94,Premium Express,1299.89
1369,2025-01-04,7,2501,85651,870.9,870.9,870.9,1411.19,827.89,1178.43,1178.43,Premium Express,827.89
1370,2025-01-05,11,3490,83219,1281.96,1281.96,1281.96,2025.3,1233.4,1552.12,1245.32,Premium Express,1233.4
1371,2025-01-06,11,3904,62140,1285.44,1285.44,1285.44,2050.67,1225.27,1732.48,1732.48,Premium Express,1225.27
1372,2025-01-07,12,6238,32230,1603.54,1603.54,1603.54,2883.0,1554.09,2317.32,2317.32,Premium Express,1554.09
1373,2025-01-08,9,1193,23852,810.84,810.84,810.84,1287.17,770.72,1013.3,791.22,Premium Express,770.72
1374,2025-01-09,12,11918,42411,2493.89,2493.89,2493.89,4207.98,2380.02,3410.64,3410.64,Premium Express,2380.02
1375,2025-01-10,10,868,71316,792.09,792.09,792.09,1244.2,756.94,998.44,773.06,Premium Express,756.94
1376,2025-01-11,12,3902,58585,1338.13,1338.13,1338.13,2144.15,1278.08,1730.3,1730.3,Premium Express,1278.08
1377,2025-01-12,11,14981,27457,2846.22,2846.22,2846.22,4656.81,2724.95,3908.28,2751.29,Premium Express,2724.95
1378,2025-01-13,6,8961,26250,1708.25,1708.25,1708.25,2862.81,1649.3,2408.85,2408.85,Premium Express,1649.3
1379,2025-01-14,6,4784,73131,1205.82,1205.82,1205.82,1946.05,1160.31,1531.8,1531.8,Premium Express,1160.31
1380,2025-01-15,1,7932,50523,1407.33,1407.33,1407.33,2265.43,1345.46,1848.8,1372.97,Premium Express,1345.46
1381,2025-01-16,2,6356,65988,1182.9,1182.9,1182.9,2121.16,1127.5,1662.42,1662.42,Premium Express,1127.5
1382,2025-01-17,9,10677,45162,2251.28,2251.28,2251.28,3593.91,2142.4,2847.73,2188.93,Premium Express,2142.4
1383,2025-01-18,5,9869,43810,1917.9,1917.9,1917.9,3107.72,1851.74,2457.01,1854.76,Premium Express,1851.74
1384,2025-01-19,1,4086,90241,776.32,776.32,776.32,1419.61,742.99,1122.98,1122.98,Premium Express,742.99
1385,2025-01-20,2,5497,26282,1083.84,1083.84,1083.84,1856.62,1046.97,1447.48,1447.48,Premium Express,1046.97
1386,2025-01-21,6,8950,60916,1801.22,1801.22,1801.22,3055.69,1736.35,2451.43,2451.43,Premium Express,1736.35
1387,2025-01-22,5,13291,40892,2298.4,2298.4,2298.4,4171.27,2184.8,3065.33,3065.33,Premium Express,2184.8
1388,2025-01-23,12,8707,67384,2079.45,2079.45,2079.45,3472.91,1982.04,2728.47,2728.47,Premium Express,1982.04
1389,2025-01-24,6,6706,01575,1457.71,1457.71,1457.71,2309.67,1408.3,1610.72,1610.72,Premium Express,1408.3
1390,2025-01-25,3,6916,88035,1337.23,1337.23,1337.23,2340.3,1281.59,1789.69,1789.69,Premium Express,1281.59
1391,2025-01-26,8,10791,98427,2144.02,2144.02,2144.02,3620.27,2067.22,2898.64,2898.64,Premium Express,2067.22
1392,2025-01-27,9,11642,19843,2356.62,2356.62,2356.62,3831.82,2245.52,2687.1,2305.46,Premium Express,2245.52
1393,2025-01-28,4,14917,60052,2703.06,2703.06,2703.06,4344.19,2589.63,3397.48,3397.48,Premium Express,2589.63
1394,2025-01-29,1,14631,32126,2392.43,2392.43,2392.43,4174.52,2279.74,3145.14,3145.14,Premium Express,2279.74
1395,2025-01-30,3,5647,84766,1146.05,1146.05,1146.05,1892.12,1090.18,1509.12,1509.12,Premium Express,1090.18
1396,2025-01-31,11,5035,08334,1516.3,1516.3,1516.3,2323.44,1453.47,1682.45,1456.41,Premium Express,1453.47
1397,2025-02-01,5,6132,74914,1312.04,1312.04,1312.04,2295.06,1266.81,1772.59,1772.59,Premium Express,1266.81
1398,2025-02-02,12,8879,72350,2071.33,2071.33,2071.33,3491.77,3491.77,2696.77,1995.1,Regional Pro,1995.1
1399,2025-02-03,10,8771,62224,1910.12,1910.12,1910.12,3325.55,3325.55,2564.82,1840.01,Regional Pro,1840.01
1400,2025-02-04,10,10343,32589,2222.07,2222.07,2222.07,3713.31,2149.63,3036.99,3036.99,Premium Express,2149.63
1401,2025-02-05,3,11650,99278,1948.37,1948.37,1948.37,3479.73,1860.28,2855.37,2855.37,Premium Express,1860.28
1402,2025-02-06,10,1834,33391,922.74,922.74,922.74,1524.43,892.75,1216.13,1216.13,Premium Express,892.75
1403,2025-02-07,1,4433,46718,862.78,862.78,862.78,1542.35,830.9,1199.83,835.93,Premium Express,830.9
1404,2025-02-08,2,633,72340,355.98,355.98,355.98,592.46,344.77,447.45,447.45,Premium Express,344.77
1405,2025-02-09,7,1175,11109,669.01,669.01,669.01,1159.29,641.58,741.81,741.81,Premium Express,641.58
1406,2025-02-10,7,13877,06919,2620.43,2620.43,2620.43,4282.94,2497.58,2864.04,2864.04,Premium Express,2497.58
1407,2025-02-11,6,11490,17568,2225.59,2225.59,2225.59,3745.91,2141.89,2415.02,2138.01,Regional Pro,2138.01
1408,2025-02-12,8,5556,75234,1436.45,1436.45,1436.45,2383.37,2383.37,1874.02,1393.52,Regional Pro,1393.52
1409,2025-02-13,3,12365,98066,2177.77,2177.77,2177.77,3675.97,2080.13,2896.51,2896.51,Premium Express,2080.13
1410,2025-02-14,4,14115,83000,2573.91,2573.91,2573.91,4291.99,2463.63,3333.47,3333.47,Premium Express,2463.63
1411,2025-02-15,1,14627,41534,2420.18,2420.18,2420.18,4094.97,2338.81,3190.15,3190.15,Premium Express,2338.81
1412,2025-02-16,2,1674,27144,506.51,506.51,506.51,897.13,483.79,664.25,664.25,Premium Express,483.79
1413,2025-02-17,7,6933,03856,1616.48,1616.48,1616.48,2502.61,1564.05,1729.88,1729.88,Premium Express,1564.05
1414,2025-02-18,12,4941,33335,1512.46,1512.46,1512.46,2349.26,1466.43,1892.67,1456.03,Regional Pro,1456.03
1415,2025-02-19,12,14559,34408,2896.8,2896.8,2896.8,4652.78,4652.78,3805.34,3805.34,Budget Freight,2896.8
1416,2025-02-20,7,2350,63925,894.5,894.5,894.5,1355.07,861.82,1147.08,874.98,Premium Express,861.82
1417,2025-02-21,6,4678,64520,1123.36,1123.36,1123.36,1992.3,1073.94,1461.75,1461.75,Premium Express,1073.94
1418,2025-02-22,12,12857,45021,2672.99,2672.99,2672.99,4551.96,2563.87,3667.79,3667.79,Premium Express,2563.87
1419,2025-02-23,11,7147,20166,1767.09,1767.09,1767.09,2981.49,1700.49,2294.55,2294.55,Premium Express,1700.49
1420,2025-02-24,5,579,35238,502.62,502.62,502.62,779.54,485.46,654.3,487.02,Premium Express,485.46
1421,2025-02-25,9,4291,41135,1190.79,1190.79,1190.79,2031.06,1147.18,1682.17,1154.05,Premium Express,1147.18
1422,2025-02-26,12,2189,21659,1119.78,1119.78,1119.78,1695.55,1695.55,1471.88,1471.88,Budget Freight,1119.78
1423,2025-02-27,4,7888,49639,1477.54,1477.54,1477.54,2521.13,1418.94,2019.25,2019.25,Premium Express,1418.94
1424,2025-02-28,6,9522,65867,1959.88,1959.88,1959.88,3026.51,1897.06,2460.72,2460.72,Premium Express,1897.06
1425,2025-03-01,9,7197,08870,1752.1,1752.1,1752.1,2900.87,1671.2,1822.06,1711.47,Premium Express,1671.2
1426,2025-03-02,3,9321,58469,1722.94,1722.94,1722.94,2877.53,1667.22,2219.42,2219.42,Premium Express,1667.22
1427,2025-03-03,4,11441,23681,2039.23,2039.23,2039.23,3507.05,1963.18,2758.96,2758.96,Premium Express,1963.18
1428,2025-03-04,3,5131,53190,1117.41,1117.41,1117.41,1749.75,1062.15,1373.44,1088.48,Premium Express,1062.15
1429,2025-03-05,1,8388,57083,1449.92,1449.92,1449.92,2490.19,2490.19,1871.58,1871.58,Budget Freight,1449.92
1430,2025-03-06,8,8165,87584,1686.43,1686.43,1686.43,2855.84,2855.84,2397.49,1636.24,Regional Pro,1636.24
1431,2025-03-07,3,7059,05805,1414.57,1414.57,1414.57,2313.44,1350.16,1474.58,1374.32,Premium Express,1350.16
1432,2025-03-08,2,12106,17033,2001.37,2001.37,2001.37,3595.11,3595.11,2379.29,2379.29,Budget Freight,2001.37
1433,2025-03-09,1,2758,17657,627.76,627.76,627.76,1090.83,603.94,678.93,678.93,Premium Express,603.94
1434,2025-03-10,5,8459,64398,1664.72,1664.72,1664.72,2858.33,1613.03,2279.75,2279.75,Premium Express,1613.03
1435,2025-03-11,5,5989,84148,1240.63,1240.63,1240.63,2253.25,1196.02,1654.88,1654.88,Premium Express,1196.02
1436,2025-03-12,6,14123,53844,2463.21,2463.21,2463.21,4369.23,2375.01,3576.62,3576.62,Premium Express,2375.01
1437,2025-03-13,2,13440,58219,2263.93,2263.93,2263.93,3635.89,2160.35,3064.01,3064.01,Premium Express,2160.35
1438,2025-03-14,11,10643,74151,2188.51,2188.51,2188.51,3747.71,2121.55,3157.4,3157.4,Premium Express,2121.55
1439,2025-03-15,4,2674,54254,753.78,753.78,753.78,1267.16,721.28,948.58,948.58,Premium Express,721.28
1440,2025-03-16,5,9170,65445,1807.0,1807.0,1807.0,3106.91,1750.06,2456.49,1741.95,Regional Pro,1741.95
1441,2025-03-17,9,3072,07284,1091.06,1091.06,1091.06,1662.83,1042.19,1185.08,1061.19,Premium Express,1042.19
1442,2025-03-18,1,2267,80516,561.85,561.85,561.85,933.48,536.3,753.79,753.79,Premium Express,536.3
1443,2025-03-19,12,9470,11413,2074.95,2074.95,2074.95,3393.86,1978.52,2404.81,2021.16,Premium Express,1978.52
1444,2025-03-20,10,9908,25914,2221.42,2221.42,2221.42,3439.19,3439.19,2780.23,2168.11,Regional Pro,2168.11
1445,2025-03-21,10,13298,71685,2527.04,2527.04,2527.04,4582.65,4582.65,3613.97,3613.97,Budget Freight,2527.04
1446,2025-03-22,11,2650,75467,1150.99,1150.99,1150.99,1816.98,1107.33,1493.7,1493.7,Premium Express,1107.33
1447,2025-03-23,3,651,38551,413.11,413.11,413.11,693.75,399.86,501.05,501.05,Premium Express,399.86
1448,2025-03-24,5,4935,67638,1196.16,1196.16,1196.16,1972.19,1972.19,1571.49,1571.49,Budget Freight,1196.16
1449,2025-03-25,4,12213,84383,2243.17,2243.17,2243.17,3682.94,2146.78,3020.09,3020.09,Premium Express,2146.78
1450,2025-03-26,1,4187,91883,827.0,827.0,827.0,1477.79,799.39,1082.77,1082.77,Premium Express,799.39
1451,2025-03-27,2,8996,77735,1598.72,1598.72,1598.72,2803.28,1524.18,2031.9,2031.9,Premium Express,1524.18
1452,2025-03-28,12,1026,62005,905.61,905.61,905.61,1480.58,867.94,1165.3,873.95,Premium Express,867.94
1453,2025-03-29,2,735,95197,376.61,376.61,376.61,656.67,361.58,453.29,453.29,Premium Express,361.58
1454,2025-03-30,4,4643,48880,1021.9,1021.9,1021.9,1839.42,979.72,1356.33,1356.33,Premium Express,979.72
1455,2025-03-31,6,4743,42954,1185.01,1185.01,1185.01,1899.88,1147.13,1488.95,1488.95,Premium Express,1147.13
1456,2025-04-01,3,11075,70643,1945.22,1945.22,1945.22,3189.04,1877.96,2600.75,2600.75,Premium Express,1877.96
1457,2025-04-02,10,13748,76678,2757.83,2757.83,2757.83,4428.47,2626.14,3433.1,3433.1,Premium Express,2626.14
1458,2025-04-03,7,5426,09455,1364.25,1364.25,1364.25,2166.72,1314.77,1466.02,1312.35,Regional Pro,1312.35
1459,2025-04-04,12,2938,55242,1158.04,1158.04,1158.04,1972.92,1103.6,1566.76,1566.76,Premium Express,1103.6
1460,2025-04-05,12,7968,31505,1859.59,1859.59,1859.59,3051.4,1768.87,2475.84,2475.84,Premium Express,1768.87
1461,2025-04-06,6,6643,32123,1422.8,1422.8,1422.8,2321.57,1371.59,1910.69,1910.69,Premium Express,1371.59
1462,2025-04-07,3,2068,30868,584.19,584.19,584.19,1036.73,558.09,792.72,792.72,Premium Express,558.09
1463,2025-04-08,4,7998,86288,1592.18,1592.18,1592.18,2638.76,1540.88,2053.05,2053.05,Premium Express,1540.88
1464,2025-04-09,12,9098,29876,2011.03,2011.03,2011.03,3611.85,3611.85,2814.19,1960.57,Regional Pro,1960.57
1465,2025-04-10,12,1319,01580,963.79,963.79,963.79,1573.78,920.87,1106.84,932.97,Premium Express,920.87
1466,2025-04-11,6,7996,77812,1668.8,1668.8,1668.8,2731.12,1602.04,2251.63,1603.38,Premium Express,1602.04
1467,2025-04-12,11,590,38039,767.36,767.36,767.36,1315.98,735.64,1044.61,1044.61,Premium Express,735.64
1468,2025-04-13,4,12510,74236,2149.77,2149.77,2149.77,3823.5,3823.5,3026.6,2083.33,Regional Pro,2083.33
1469,2025-04-14,2,541,04087,338.64,338.64,338.64,600.43,322.89,366.11,329.18,Premium Express,322.89
1470,2025-04-15,9,13746,09709,2747.44,2747.44,2747.44,4326.12,2647.44,3003.99,3003.99,Premium Express,2647.44
1471,2025-04-16,7,5156,59484,1276.25,1276.25,1276.25,2099.9,1217.83,1638.0,1638.0,Premium Express,1217.83
1472,2025-04-17,7,13843,87138,2508.76,2508.76,2508.76,4406.94,2408.64,3522.52,2428.58,Premium Express,2408.64
1473,2025-04-18,10,12547,28345,2590.13,2590.13,2590.13,4098.91,2480.15,3344.18,3344.18,Premium Express,2480.15
1474,2025-04-19,8,9091,27436,2007.06,2007.06,2007.06,3156.96,1939.87,2518.5,1936.57,Regional Pro,1936.57
1475,2025-04-20,6,1317,50738,650.89,650.89,650.89,1027.05,619.59,866.28,866.28,Premium Express,619.59
1476,2025-04-21,4,10783,32003,1969.83,1969.83,1969.83,3215.81,1905.26,2528.31,2528.31,Premium Express,1905.26
1477,2025-04-22,4,5127,35370,1142.02,1142.02,1142.02,1928.8,1096.74,1512.1,1512.1,Premium Express,1096.74
1478,2025-04-23,11,1289,05161,892.05,892.05,892.05,1473.25,848.34,1004.71,864.07,Premium Express,848.34
1479,2025-04-24,8,575,77827,622.15,622.15,622.15,1081.05,599.94,796.84,796.84,Premium Express,599.94
1480,2025-04-25,4,4313,24565,948.92,948.92,948.92,1686.71,915.05,1274.3,1274.3,Premium Express,915.05
1481,2025-04-26,12,7232,97577,1857.08,1857.08,1857.08,2924.06,1776.81,2318.75,1784.86,Premium Express,1776.81
1482,2025-04-27,11,4947,42122,1399.99,1399.99,1399.99,2320.81,2320.81,1884.98,1884.98,Budget Freight,1399.99
1483,2025-04-28,7,1302,15406,719.47,719.47,719.47,1138.12,684.83,761.7,698.15,Premium Express,684.83
1484,2025-04-29,3,1145,46735,455.51,455.51,455.51,782.07,440.36,649.95,443.35,Premium Express,440.36
1485,2025-04-30,1,4812,75976,927.75,927.75,927.75,1652.36,883.81,1214.68,1214.68,Premium Express,883.81
1486,2025-05-01,8,1206,60295,734.54,734.54,734.54,1225.01,702.58,916.28,717.35,Premium Express,702.58
1487,2025-05-02,12,9282,46632,2157.29,2157.29,2157.29,3386.19,2069.32,2744.85,2744.85,Premium Express,2069.32
1488,2025-05-03,11,14706,25610,2814.81,2814.81,2814.81,4859.62,4859.62,3679.59,3679.59,Budget Freight,2814.81
1489,2025-05-04,1,13861,98130,2166.27,2166.27,2166.27,3864.79,2099.44,3129.36,3129.36,Premium Express,2099.44
1490,2025-05-05,6,1817,29343,698.54,698.54,698.54,1255.0,669.35,921.95,921.95,Premium Express,669.35
1491,2025-05-06,5,7742,86432,1493.91,1493.91,1493.91,2538.4,1444.42,2020.74,2020.74,Premium Express,1444.42
1492,2025-05-07,8,7181,24093,1571.62,1571.62,1571.62,2809.42,1508.83,2094.92,2094.92,Premium Express,1508.83
1493,2025-05-08,8,7799,13046,1717.83,1717.83,1717.83,2917.05,1640.03,1895.25,1653.08,Premium Express,1640.03
1494,2025-05-09,9,859,83264,730.14,730.14,730.14,1203.88,701.41,967.22,967.22,Premium Express,701.41
1495,2025-05-10,4,11315,59497,2005.44,2005.44,2005.44,3312.41,1936.01,2718.54,2718.54,Premium Express,1936.01
1496,2025-05-11,5,8645,87639,1721.15,1721.15,1721.15,2752.85,1636.43,2266.11,2266.11,Premium Express,1636.43
1497,2025-05-12,6,9275,92553,1773.21,1773.21,1773.21,3118.6,1709.95,2494.55,2494.55,Premium Express,1709.95
1498,2025-05-13,1,11983,83718,1985.51,1985.51,1985.51,3478.38,1909.48,2721.08,2721.08,Premium Express,1909.48
1499,2025-05-14,9,4686,30403,1310.76,1310.76,1310.76,2202.85,1264.44,1740.23,1740.23,Premium Express,1264.44
